{"cameraMode":{"drawMode":0,"name":"Shaded","section":"Shading Mode"},"sceneLighting":true,"audioPlay":false,"sceneViewState":{"m_AlwaysRefresh":false,"showFog":true,"showSkybox":true,"showFlares":true,"showImageEffects":true,"showParticleSystems":true,"showVisualEffectGraphs":true,"m_FxEnabled":true},"in2DMode":false,"pivot":{"x":23.389362335205079,"y":21.312191009521486,"z":-49.53432846069336},"rotation":{"x":0.0033998305443674328,"y":0.9719125032424927,"z":-0.23507221043109895,"w":0.013692136853933335},"size":1.9800176620483399,"orthographic":false}