{"cameraMode":{"drawMode":0,"name":"Shaded","section":"Shading Mode"},"sceneLighting":false,"audioPlay":false,"sceneViewState":{"m_AlwaysRefresh":false,"showFog":false,"showSkybox":false,"showFlares":false,"showImageEffects":false,"showParticleSystems":false,"showVisualEffectGraphs":true,"m_FxEnabled":true},"in2DMode":false,"pivot":{"x":0.20170004665851594,"y":1.3726627826690674,"z":-0.4879262447357178},"rotation":{"x":-0.001254816772416234,"y":-0.9915281534194946,"z":-0.12982119619846345,"w":0.008896962739527226},"size":1.6895068883895875,"orthographic":false}